{
    "strategy": "FedAvgM",
    "num_rounds": 3,
    "num_clients": 100,
    "should_timeout": false,
    "dynamic_timeout": false,
    "timeout_chance": 0.6,
    "timeout_window": 5,
    "accuracy": [
        [
            1,
            0.8166666686534881
        ],
        [
            2,
            0.8550000011920929
        ],
        [
            3,
            0.8900000035762787
        ]
    ],
    "losses": [
        [
            1,
            0.8843245565891266
        ],
        [
            2,
            0.5624515265226364
        ],
        [
            3,
            0.3838071435689926
        ]
    ]
},
{
    "strategy": "FedAvgM",
    "num_rounds": 3,
    "num_clients": 100,
    "should_timeout": false,
    "dynamic_timeout": false,
    "timeout_chance": 0.6,
    "timeout_window": 5,
    "accuracy": [
        [
            1,
            0.7949999988079071
        ],
        [
            2,
            0.8300000071525574
        ],
        [
            3,
            0.8933333277702331
        ]
    ],
    "losses": [
        [
            1,
            0.9352272331714631
        ],
        [
            2,
            0.6933975636959075
        ],
        [
            3,
            0.41228371262550356
        ]
    ]
},
{
    "strategy": "FedAvgM",
    "num_rounds": 3,
    "num_clients": 100,
    "should_timeout": false,
    "dynamic_timeout": false,
    "timeout_chance": 0.6,
    "timeout_window": 5,
    "accuracy": [
        [
            1,
            0.6183333396911621
        ],
        [
            2,
            0.8116666674613953
        ],
        [
            3,
            0.8349999964237214
        ]
    ],
    "losses": [
        [
            1,
            1.6488265514373779
        ],
        [
            2,
            0.8810407042503356
        ],
        [
            3,
            0.49988801777362823
        ]
    ]
},
